sampleName	precursorFile	sequence	formula	scanNum
Human_cit_proteome_syn_peptides	02207a_BB2-TUM_mod_citrullination_l_14_01_01-DDA-1h-R1.mzML	AEM(15.9900)M(15.9900)ELNDR*FASYIEK	C84H130N20O31S2	39803
Human_cit_proteome_syn_peptides	02207a_BB2-TUM_mod_citrullination_l_14_01_01-DDA-1h-R1.mzML	AEM(15.9900)MELNDR*FASYIEK	C84H130N20O30S2	43710
Human_cit_proteome_syn_peptides	02207a_BB2-TUM_mod_citrullination_l_14_01_01-DDA-1h-R1.mzML	AEMM(15.9900)ELNDR*FASYIEK	C84H130N20O30S2	44578
Human_cit_proteome_syn_peptides	02207a_BB2-TUM_mod_citrullination_l_14_01_01-DDA-1h-R1.mzML	AEMMELNDR*FASYIEK	C84H130N20O29S2	47677
Human_cit_proteome_syn_peptides	02207a_BB3-TUM_mod_citrullination_l_15_01_01-DDA-1h-R1.mzML	AGDKAGR*AGAGM(15.9900)PPYHR	C72H113N25O23S	7415
Human_cit_proteome_syn_peptides	02207a_BB2-TUM_mod_citrullination_l_14_01_01-DDA-1h-R1.mzML	AGFLVTAR*GGSGIVVAR	C72H122N22O21	41163
Human_cit_proteome_syn_peptides	02207a_BB3-TUM_mod_citrullination_l_15_01_01-DDA-1h-R1.mzML	AGR*AGAGM(15.9900)PPYHR	C57H88N20O17S	8204
Human_cit_proteome_syn_peptides	02207a_BB2-TUM_mod_citrullination_l_14_01_01-DDA-1h-R1.mzML	ALAR*EVDLKDYEDQQK	C82H132N22O31	28728
Human_cit_proteome_syn_peptides	02207a_BB3-TUM_mod_citrullination_l_15_01_01-DDA-1h-R1.mzML	ALQEQ(0.9800)LATQ(0.9800)R*EAIILAR	C83H143N23O29	47838
Human_cit_proteome_syn_peptides	02207a_BB1-TUM_mod_citrullination_l_13_01_01-DDA-1h-R1.mzML	APR*LNHPPEQIDSHSR	C78H123N27O26	16333
Human_cit_proteome_syn_peptides	02207a_BB2-TUM_mod_citrullination_l_14_01_01-DDA-1h-R1.mzML	AVSR*EDSQRPGAHLTVK	C77H130N26O27	14110
Human_cit_proteome_syn_peptides	02207a_BB3-TUM_mod_citrullination_l_15_01_01-DDA-1h-R1.mzML	AVSR*EDSQRPGAHLTVK	C77H130N26O27	14219
Human_cit_proteome_syn_peptides	02207a_BB2-TUM_mod_citrullination_l_14_01_01-DDA-1h-R1.mzML	AVSR*EDSVKPGAHLTVK	C77H131N23O26	17819
Human_cit_proteome_syn_peptides	02207a_BB3-TUM_mod_citrullination_l_15_01_01-DDA-1h-R1.mzML	C(57.0200)DR*VDQ(0.9800)LTAQLADLAAR	C78H132N24O30S	54128
Human_cit_proteome_syn_peptides	02207a_BB1-TUM_mod_citrullination_l_13_01_01-DDA-1h-R1.mzML	DIKC(57.0200)SNILLNNR*GQ(0.9800)IK	C79H138N24O27S	33471
Human_cit_proteome_syn_peptides	02207a_BB1-TUM_mod_citrullination_l_13_01_01-DDA-1h-R1.mzML	DIWNIFLEKNAPLR*VK	C92H145N23O24	55038
Human_cit_proteome_syn_peptides	02207a_BB2-TUM_mod_citrullination_l_14_01_01-DDA-1h-R1.mzML	DLQSSDR*LSNHISSLFR	C83H134N26O30	44943
Human_cit_proteome_syn_peptides	02207a_BB1-TUM_mod_citrullination_l_13_01_01-DDA-1h-R1.mzML	DQLAAEAAAR*LEAQ(0.9800)AR	C69H116N22O27	42601
Human_cit_proteome_syn_peptides	02207a_BB1-TUM_mod_citrullination_l_13_01_01-DDA-1h-R1.mzML	DSDMGSRPESMGC(57.0200)R*K	C64H108N22O27S3	12567
Human_cit_proteome_syn_peptides	02207a_BB3-TUM_mod_citrullination_l_15_01_01-DDA-1h-R1.mzML	DSHHPAR*TAHYGSLPQK	C82H123N27O26	11592
Human_cit_proteome_syn_peptides	02207a_BB2-TUM_mod_citrullination_l_14_01_01-DDA-1h-R1.mzML	DTGILDSIGR*FFGGDR	C75H115N21O26	60470
Human_cit_proteome_syn_peptides	02207a_BB1-TUM_mod_citrullination_l_13_01_01-DDA-1h-R1.mzML	EAFAEQFLR*GSDYAIR	C84H124N22O27	47973
Human_cit_proteome_syn_peptides	02207a_BB1-TUM_mod_citrullination_l_13_01_01-DDA-1h-R1.mzML	EDAANNYAR*GHYTIGK	C76H113N23O27	21623
Human_cit_proteome_syn_peptides	02207a_BB2-TUM_mod_citrullination_l_14_01_01-DDA-1h-R1.mzML	EDR*SDGSAPSTSTASSK	C64H106N20O33	7537
Human_cit_proteome_syn_peptides	02207a_BB3-TUM_mod_citrullination_l_15_01_01-DDA-1h-R1.mzML	EDTEEHHLR*DYFEEYGK	C96H132N24O36	36697
Human_cit_proteome_syn_peptides	02207a_BB3-TUM_mod_citrullination_l_15_01_01-DDA-1h-R1.mzML	EDTEEHHLR*DYFEQ(0.9800)YGK	C96H132N24O36	36697
Human_cit_proteome_syn_peptides	02207a_BB1-TUM_mod_citrullination_l_13_01_01-DDA-1h-R1.mzML	EEQELHDIHSTR*SK	C70H112N22O28	11156
Human_cit_proteome_syn_peptides	02207a_BB1-TUM_mod_citrullination_l_13_01_01-DDA-1h-R1.mzML	EIQSITDESR*GSIR	C64H110N20O27	26117
Human_cit_proteome_syn_peptides	02207a_BB1-TUM_mod_citrullination_l_13_01_01-DDA-1h-R1.mzML	EREIQSITDESR*	C58H98N18O26	22312
Human_cit_proteome_syn_peptides	02207a_BB1-TUM_mod_citrullination_l_13_01_01-DDA-1h-R1.mzML	EREIQSITDESR*GSIR	C75H129N25O31	25052
Human_cit_proteome_syn_peptides	02207a_BB1-TUM_mod_citrullination_l_13_01_01-DDA-1h-R1.mzML	ER*YFDR*INENDPEYIR	C93H135N25O33	38008
Human_cit_proteome_syn_peptides	02207a_BB1-TUM_mod_citrullination_l_13_01_01-DDA-1h-R1.mzML	ER*YFDRIN(0.9800)ENDPEYIR	C93H135N25O33	37244
Human_cit_proteome_syn_peptides	02207a_BB1-TUM_mod_citrullination_l_13_01_01-DDA-1h-R1.mzML	ER*YFDRINEN(0.9800)DPEYIR	C93H135N25O33	34037
Human_cit_proteome_syn_peptides	02207a_BB2-TUM_mod_citrullination_l_14_01_01-DDA-1h-R1.mzML	ER*YFDRINEN(0.9800)DPEYIR	C93H135N25O33	34717
Human_cit_proteome_syn_peptides	02207a_BB2-TUM_mod_citrullination_l_14_01_01-DDA-1h-R1.mzML	ERYFDR*INEN(0.9800)DPEYIR	C93H135N25O33	34188
Human_cit_proteome_syn_peptides	02207a_BB1-TUM_mod_citrullination_l_13_01_01-DDA-1h-R1.mzML	ERYFDR*INENDPEYIR	C93H136N26O32	37238
Human_cit_proteome_syn_peptides	02207a_BB2-TUM_mod_citrullination_l_14_01_01-DDA-1h-R1.mzML	ETPIKR*GQ(0.9800)VVSSLLC(57.0200)R	C78H137N23O26S	38380
Human_cit_proteome_syn_peptides	02207a_BB2-TUM_mod_citrullination_l_14_01_01-DDA-1h-R1.mzML	ETR*ASER*AEMM(15.9900)ELNDR	C75H126N24O33S2	26326
Human_cit_proteome_syn_peptides	02207a_BB2-TUM_mod_citrullination_l_14_01_01-DDA-1h-R1.mzML	ETR*ASER*AEMMELNDR	C75H126N24O32S2	30860
Human_cit_proteome_syn_peptides	02207a_BB2-TUM_mod_citrullination_l_14_01_01-DDA-1h-R1.mzML	ETR*ASERAEMMELNDR	C75H127N25O31S2	31004
Human_cit_proteome_syn_peptides	02207a_BB2-TUM_mod_citrullination_l_14_01_01-DDA-1h-R1.mzML	ETRASER*AEMMELNDR	C75H127N25O31S2	31165
Human_cit_proteome_syn_peptides	02207a_BB2-TUM_mod_citrullination_l_14_01_01-DDA-1h-R1.mzML	FAAAYGFR*NIQNM(15.9900)ILK	C86H132N22O23S	54698
Human_cit_proteome_syn_peptides	02207a_BB2-TUM_mod_citrullination_l_14_01_01-DDA-1h-R1.mzML	FAAAYGFR*NIQNMILK	C86H132N22O22S	54622
Human_cit_proteome_syn_peptides	02207a_BB1-TUM_mod_citrullination_l_13_01_01-DDA-1h-R1.mzML	FADLTDAAAR*NAELLR	C75H122N22O26	46422
Human_cit_proteome_syn_peptides	02207a_BB2-TUM_mod_citrullination_l_14_01_01-DDA-1h-R1.mzML	FLAR*LDSQ(0.9800)LEILSPSR	C82H135N21O27	53993
Human_cit_proteome_syn_peptides	02207a_BB3-TUM_mod_citrullination_l_15_01_01-DDA-1h-R1.mzML	FLAR*LDSQ(0.9800)LEILSPSR	C82H135N21O27	53322
Human_cit_proteome_syn_peptides	02207a_BB1-TUM_mod_citrullination_l_13_01_01-DDA-1h-R1.mzML	GGGYGGDR*GGGYGGDR	C58H83N21O24	12371
Human_cit_proteome_syn_peptides	02207a_BB2-TUM_mod_citrullination_l_14_01_01-DDA-1h-R1.mzML	GGGYGGDR*GGGYGGDR	C58H83N21O24	12452
Human_cit_proteome_syn_peptides	02207a_BB1-TUM_mod_citrullination_l_13_01_01-DDA-1h-R1.mzML	GGYGGDR*GGGYGGDR	C56H80N20O23	12603
Human_cit_proteome_syn_peptides	02207a_BB2-TUM_mod_citrullination_l_14_01_01-DDA-1h-R1.mzML	GGYGGDR*SGGGYGGDR	C59H85N21O25	12530
Human_cit_proteome_syn_peptides	02207a_BB2-TUM_mod_citrullination_l_14_01_01-DDA-1h-R1.mzML	GNLLQC(57.0200)IC(57.0200)TGN(0.9800)GR*GEWK	C81H129N25O28S2	42106
Human_cit_proteome_syn_peptides	02207a_BB3-TUM_mod_citrullination_l_15_01_01-DDA-1h-R1.mzML	GPR*GIQ(0.9800)GITGPPGDPGPK	C74H119N21O25	31055
Human_cit_proteome_syn_peptides	02207a_BB1-TUM_mod_citrullination_l_13_01_01-DDA-1h-R1.mzML	GR*Q(0.9800)VSSEC(57.0200)QGEM(15.9900)LDYR	C76H121N23O32S2	22027
Human_cit_proteome_syn_peptides	02207a_BB1-TUM_mod_citrullination_l_13_01_01-DDA-1h-R1.mzML	GR*Q(0.9800)VSSEC(57.0200)QGEMLDYR	C76H121N23O31S2	28118
Human_cit_proteome_syn_peptides	02207a_BB1-TUM_mod_citrullination_l_13_01_01-DDA-1h-R1.mzML	GR*QVSSEC(57.0200)QGEM(15.9900)LDYR	C76H122N24O31S2	22186
Human_cit_proteome_syn_peptides	02207a_BB1-TUM_mod_citrullination_l_13_01_01-DDA-1h-R1.mzML	GR*QVSSEC(57.0200)QGEMLDYR	C76H122N24O30S2	28261
Human_cit_proteome_syn_peptides	02207a_BB3-TUM_mod_citrullination_l_15_01_01-DDA-1h-R1.mzML	GR*Q(0.9800)VSSEC(57.0200)QGEM(15.9900)LDYRR	C82H133N27O33S2	18081
Human_cit_proteome_syn_peptides	02207a_BB3-TUM_mod_citrullination_l_15_01_01-DDA-1h-R1.mzML	GR*Q(0.9800)VSSEC(57.0200)QGEMLDYRR	C82H133N27O32S2	23427
Human_cit_proteome_syn_peptides	02207a_BB1-TUM_mod_citrullination_l_13_01_01-DDA-1h-R1.mzML	GTNESLER*Q(0.9800)MREQEER	C77H128N26O34S	25392
Human_cit_proteome_syn_peptides	02207a_BB3-TUM_mod_citrullination_l_15_01_01-DDA-1h-R1.mzML	HR*ADHPPAEVTSHAASGAK	C81H126N28O28	7119
Human_cit_proteome_syn_peptides	02207a_BB2-TUM_mod_citrullination_l_14_01_01-DDA-1h-R1.mzML	HR*HPDEAAFFDTASTGK	C82H118N24O28	26304
Human_cit_proteome_syn_peptides	02207a_BB1-TUM_mod_citrullination_l_13_01_01-DDA-1h-R1.mzML	IAELR*EELQ(0.9800)M(15.9900)DQQAK	C75H126N20O30S	33920
Human_cit_proteome_syn_peptides	02207a_BB1-TUM_mod_citrullination_l_13_01_01-DDA-1h-R1.mzML	IAELR*EELQ(0.9800)M(15.9900)DQQAKK	C81H138N22O31S	32902
Human_cit_proteome_syn_peptides	02207a_BB1-TUM_mod_citrullination_l_13_01_01-DDA-1h-R1.mzML	IAELR*EELQ(0.9800)MDQQAKK	C81H138N22O30S	32824
Human_cit_proteome_syn_peptides	02207a_BB1-TUM_mod_citrullination_l_13_01_01-DDA-1h-R1.mzML	IAYQR*NDDDEEEAAR	C72H110N22O32	14378
Human_cit_proteome_syn_peptides	02207a_BB1-TUM_mod_citrullination_l_13_01_01-DDA-1h-R1.mzML	IDAER*Q(0.9800)AAAAAC(57.0200)QLFK	C75H121N21O26S	51032
Human_cit_proteome_syn_peptides	02207a_BB2-TUM_mod_citrullination_l_14_01_01-DDA-1h-R1.mzML	IIVEKPFGR*DLQSSDR	C81H133N23O27	30770
Human_cit_proteome_syn_peptides	02207a_BB2-TUM_mod_citrullination_l_14_01_01-DDA-1h-R1.mzML	IQALESNLEN(0.9800)LLTR*	C69H118N18O26	55433
Human_cit_proteome_syn_peptides	02207a_BB2-TUM_mod_citrullination_l_14_01_01-DDA-1h-R1.mzML	IQALESNLEN(0.9800)LLTR*ETK	C84H144N22O32	51837
Human_cit_proteome_syn_peptides	02207a_BB2-TUM_mod_citrullination_l_14_01_01-DDA-1h-R1.mzML	ISN(0.9800)FHYLM(15.9900)Q(0.9800)LN(0.9800)R*	C69H102N16O23S	42118
Human_cit_proteome_syn_peptides	02207a_BB2-TUM_mod_citrullination_l_14_01_01-DDA-1h-R1.mzML	ISN(0.9800)FHYLMQ(0.9800)LN(0.9800)R*	C69H102N16O22S	47467
Human_cit_proteome_syn_peptides	02207a_BB2-TUM_mod_citrullination_l_14_01_01-DDA-1h-R1.mzML	ISN(0.9800)FHYLM(15.9900)Q(0.9800)LN(0.9800)R*LAGR	C86H133N23O27S	48051
Human_cit_proteome_syn_peptides	02207a_BB2-TUM_mod_citrullination_l_14_01_01-DDA-1h-R1.mzML	ISN(0.9800)FHYLMQ(0.9800)LN(0.9800)R*LAGR	C86H133N23O26S	50555
Human_cit_proteome_syn_peptides	02207a_BB2-TUM_mod_citrullination_l_14_01_01-DDA-1h-R1.mzML	ISN(0.9800)FHYLMQ(0.9800)LN(0.9800)RLAGR*	C86H133N23O26S	50595
Human_cit_proteome_syn_peptides	02207a_BB2-TUM_mod_citrullination_l_14_01_01-DDA-1h-R1.mzML	ITR*LQEKEDLQELNDR	C83H141N25O32	28820
Human_cit_proteome_syn_peptides	02207a_BB1-TUM_mod_citrullination_l_13_01_01-DDA-1h-R1.mzML	LEEQFR*SDAAM(15.9900)Q(0.9800)K	C65H103N17O26S	21836
Human_cit_proteome_syn_peptides	02207a_BB1-TUM_mod_citrullination_l_13_01_01-DDA-1h-R1.mzML	LEEQFR*SDAAMQ(0.9800)K	C65H103N17O25S	26059
Human_cit_proteome_syn_peptides	02207a_BB1-TUM_mod_citrullination_l_13_01_01-DDA-1h-R1.mzML	LGER*LQ(0.9800)ELELQ(0.9800)LR	C69H118N18O25	50679
Human_cit_proteome_syn_peptides	02207a_BB2-TUM_mod_citrullination_l_14_01_01-DDA-1h-R1.mzML	LGERLQ(0.9800)ELELQ(0.9800)LR*	C69H118N18O25	47954
Human_cit_proteome_syn_peptides	02207a_BB1-TUM_mod_citrullination_l_13_01_01-DDA-1h-R1.mzML	LGER*LQ(0.9800)ELELQ(0.9800)LRESR	C83H142N24O31	46825
Human_cit_proteome_syn_peptides	02207a_BB2-TUM_mod_citrullination_l_14_01_01-DDA-1h-R1.mzML	LGERLQ(0.9800)ELELQ(0.9800)LR*ESR	C83H142N24O31	45254
Human_cit_proteome_syn_peptides	02207a_BB2-TUM_mod_citrullination_l_14_01_01-DDA-1h-R1.mzML	LSLVIR*SPSLLQSGAK	C74H132N20O23	46548
Human_cit_proteome_syn_peptides	02207a_BB2-TUM_mod_citrullination_l_14_01_01-DDA-1h-R1.mzML	LSLVIR*SPSLLQSGAKK	C80H144N22O24	41794
Human_cit_proteome_syn_peptides	02207a_BB1-TUM_mod_citrullination_l_13_01_01-DDA-1h-R1.mzML	LTR*DAQSPDESK	C54H90N16O24	7944
Human_cit_proteome_syn_peptides	02207a_BB1-TUM_mod_citrullination_l_13_01_01-DDA-1h-R1.mzML	LTR*DAQSPDESKTN(0.9800)EK	C73H121N21O33	7506
Human_cit_proteome_syn_peptides	02207a_BB1-TUM_mod_citrullination_l_13_01_01-DDA-1h-R1.mzML	LTR*DAQSPDESKTNEK	C73H122N22O32	6690
Human_cit_proteome_syn_peptides	02207a_BB1-TUM_mod_citrullination_l_13_01_01-DDA-1h-R1.mzML	LWQ(0.9800)HVTR*AISK	C61H97N17O17	29343
Human_cit_proteome_syn_peptides	02207a_BB1-TUM_mod_citrullination_l_13_01_01-DDA-1h-R1.mzML	LWQ(0.9800)HVTR*AISKGDQ(0.9800)HR	C84H131N27O26	25739
Human_cit_proteome_syn_peptides	02207a_BB1-TUM_mod_citrullination_l_13_01_01-DDA-1h-R1.mzML	LWQHVTR*AISKGDQ(0.9800)HR	C84H132N28O25	25664
Human_cit_proteome_syn_peptides	02207a_BB3-TUM_mod_citrullination_l_15_01_01-DDA-1h-R1.mzML	M(15.9900)AM(15.9900)Q(0.9800)R*N(0.9800)LC(57.0200)TLELFSVN(0.9800)R	C87H143N23O32S3	48460
Human_cit_proteome_syn_peptides	02207a_BB3-TUM_mod_citrullination_l_15_01_01-DDA-1h-R1.mzML	M(15.9900)AM(15.9900)QR*N(0.9800)LC(57.0200)TLELFSVN(0.9800)R	C87H144N24O31S3	48299
Human_cit_proteome_syn_peptides	02207a_BB3-TUM_mod_citrullination_l_15_01_01-DDA-1h-R1.mzML	M(15.9900)AMQ(0.9800)R*N(0.9800)LC(57.0200)TLELFSVN(0.9800)R	C87H143N23O31S3	52251
Human_cit_proteome_syn_peptides	02207a_BB3-TUM_mod_citrullination_l_15_01_01-DDA-1h-R1.mzML	M(15.9900)AMQR*N(0.9800)LC(57.0200)TLELFSVN(0.9800)R	C87H144N24O30S3	52533
Human_cit_proteome_syn_peptides	02207a_BB3-TUM_mod_citrullination_l_15_01_01-DDA-1h-R1.mzML	MAM(15.9900)Q(0.9800)R*N(0.9800)LC(57.0200)TLELFSVN(0.9800)R	C87H143N23O31S3	49915
Human_cit_proteome_syn_peptides	02207a_BB3-TUM_mod_citrullination_l_15_01_01-DDA-1h-R1.mzML	MAM(15.9900)QR*N(0.9800)LC(57.0200)TLELFSVN(0.9800)R	C87H144N24O30S3	52383
Human_cit_proteome_syn_peptides	02207a_BB3-TUM_mod_citrullination_l_15_01_01-DDA-1h-R1.mzML	MAMQ(0.9800)R*N(0.9800)LC(57.0200)TLELFSVN(0.9800)R	C87H143N23O30S3	55354
Human_cit_proteome_syn_peptides	02207a_BB3-TUM_mod_citrullination_l_15_01_01-DDA-1h-R1.mzML	MAMQR*N(0.9800)LC(57.0200)TLELFSVN(0.9800)R	C87H144N24O29S3	55355
Human_cit_proteome_syn_peptides	02207a_BB2-TUM_mod_citrullination_l_14_01_01-DDA-1h-R1.mzML	(42.0100)M(15.9900)AR*LQ(0.9800)EEHGDQ(0.9800)LLSIR	C81H133N23O31S	40723
Human_cit_proteome_syn_peptides	02207a_BB1-TUM_mod_citrullination_l_13_01_01-DDA-1h-R1.mzML	M(15.9900)EIR*LEILTSTGIKQ(0.9800)K	C81H144N20O28S	42702
Human_cit_proteome_syn_peptides	02207a_BB1-TUM_mod_citrullination_l_13_01_01-DDA-1h-R1.mzML	MEIR*LEILTSTGIKQ(0.9800)K	C81H144N20O27S	47089
Human_cit_proteome_syn_peptides	02207a_BB2-TUM_mod_citrullination_l_14_01_01-DDA-1h-R1.mzML	M(15.9900)EVAR*IQ(0.9800)LQIQETLQR	C83H144N24O29S	50633
Human_cit_proteome_syn_peptides	02207a_BB2-TUM_mod_citrullination_l_14_01_01-DDA-1h-R1.mzML	MEVAR*IQ(0.9800)LQIQETLQR	C83H144N24O28S	55828
Human_cit_proteome_syn_peptides	02207a_BB3-TUM_mod_citrullination_l_15_01_01-DDA-1h-R1.mzML	MEVAR*IQ(0.9800)LQIQETLQR	C83H144N24O28S	55378
Human_cit_proteome_syn_peptides	02207a_BB2-TUM_mod_citrullination_l_14_01_01-DDA-1h-R1.mzML	MEVAR*IQLQ(0.9800)IQETLQR	C83H144N24O28S	55980
Human_cit_proteome_syn_peptides	02207a_BB3-TUM_mod_citrullination_l_15_01_01-DDA-1h-R1.mzML	M(15.9900)Q(0.9800)QTKQQR*EN(0.9800)IQ(0.9800)Q(0.9800)VSQ(0.9800)K	C85H142N24O37S	19120
Human_cit_proteome_syn_peptides	02207a_BB3-TUM_mod_citrullination_l_15_01_01-DDA-1h-R1.mzML	MQ(0.9800)QTKQQR*EN(0.9800)IQ(0.9800)Q(0.9800)VSQ(0.9800)K	C85H142N24O36S	21211
Human_cit_proteome_syn_peptides	02207a_BB3-TUM_mod_citrullination_l_15_01_01-DDA-1h-R1.mzML	N(0.9800)GGR*GGWSDNGC(57.0200)SVKDR	C71H110N26O29S	15408
Human_cit_proteome_syn_peptides	02207a_BB3-TUM_mod_citrullination_l_15_01_01-DDA-1h-R1.mzML	NGGR*GGWSDN(0.9800)GC(57.0200)SVKDR	C71H110N26O29S	15118
Human_cit_proteome_syn_peptides	02207a_BB3-TUM_mod_citrullination_l_15_01_01-DDA-1h-R1.mzML	NGGR*GGWSDNGC(57.0200)SVKDR	C71H111N27O28S	13971
Human_cit_proteome_syn_peptides	02207a_BB2-TUM_mod_citrullination_l_14_01_01-DDA-1h-R1.mzML	N(0.9800)IVVKTVEM(15.9900)R*DGEVIK	C79H138N20O28S	31799
Human_cit_proteome_syn_peptides	02207a_BB1-TUM_mod_citrullination_l_13_01_01-DDA-1h-R1.mzML	NKYLHSPESR*PVTGER	C80H127N25O27	15512
Human_cit_proteome_syn_peptides	02207a_BB1-TUM_mod_citrullination_l_13_01_01-DDA-1h-R1.mzML	NLRSVFTVEQ(0.9800)Q(0.9800)R*	C63H102N18O23	36729
Human_cit_proteome_syn_peptides	02207a_BB2-TUM_mod_citrullination_l_14_01_01-DDA-1h-R1.mzML	NLR*SVFTVEQ(0.9800)Q(0.9800)RILQR	C86H144N26O28	48490
Human_cit_proteome_syn_peptides	02207a_BB1-TUM_mod_citrullination_l_13_01_01-DDA-1h-R1.mzML	NLRSVFTVEQ(0.9800)Q(0.9800)R*ILQR	C86H144N26O28	46526
Human_cit_proteome_syn_peptides	02207a_BB2-TUM_mod_citrullination_l_14_01_01-DDA-1h-R1.mzML	NQPAR*FKNYAELTIM(15.9900)K	C86H137N23O26S	32502
Human_cit_proteome_syn_peptides	02207a_BB2-TUM_mod_citrullination_l_14_01_01-DDA-1h-R1.mzML	NQPAR*FKNYAELTIMK	C86H137N23O25S	37759
Human_cit_proteome_syn_peptides	02207a_BB2-TUM_mod_citrullination_l_14_01_01-DDA-1h-R1.mzML	NR*TTFN(0.9800)SSQLQALER	C73H119N23O28	36827
Human_cit_proteome_syn_peptides	02207a_BB1-TUM_mod_citrullination_l_13_01_01-DDA-1h-R1.mzML	Q(0.9800)EIR*Q(0.9800)Q(0.9800)IGTK	C50H85N13O21	22454
Human_cit_proteome_syn_peptides	02207a_BB2-TUM_mod_citrullination_l_14_01_01-DDA-1h-R1.mzML	QM(15.9900)IYSAAR*AIAGM(15.9900)YK	C74H119N19O23S2	38253
Human_cit_proteome_syn_peptides	02207a_BB2-TUM_mod_citrullination_l_14_01_01-DDA-1h-R1.mzML	QM(15.9900)IYSAAR*AIAGMYK	C74H119N19O22S2	43917
Human_cit_proteome_syn_peptides	02207a_BB2-TUM_mod_citrullination_l_14_01_01-DDA-1h-R1.mzML	QMIYSAAR*AIAGM(15.9900)YK	C74H119N19O22S2	42370
Human_cit_proteome_syn_peptides	02207a_BB2-TUM_mod_citrullination_l_14_01_01-DDA-1h-R1.mzML	QMIYSAAR*AIAGMYK	C74H119N19O21S2	48625
Human_cit_proteome_syn_peptides	02207a_BB3-TUM_mod_citrullination_l_15_01_01-DDA-1h-R1.mzML	Q(0.9800)Q(0.9800)TKQ(0.9800)QR*EN(0.9800)IQ(0.9800)Q(0.9800)VSQ(0.9800)K	C80H131N21O37	19602
Human_cit_proteome_syn_peptides	02207a_BB2-TUM_mod_citrullination_l_14_01_01-DDA-1h-R1.mzML	Q(0.9800)R*PYVVTFC(57.0200)GVN(0.9800)GVGK	C79H122N20O25S	39672
Human_cit_proteome_syn_peptides	02207a_BB3-TUM_mod_citrullination_l_15_01_01-DDA-1h-R1.mzML	Q(0.9800)R*PYVVTFC(57.0200)GVN(0.9800)GVGK	C79H122N20O25S	39737
Human_cit_proteome_syn_peptides	02207a_BB3-TUM_mod_citrullination_l_15_01_01-DDA-1h-R1.mzML	QR*PYVVTFC(57.0200)GVN(0.9800)GVGK	C79H123N21O24S	40534
Human_cit_proteome_syn_peptides	02207a_BB2-TUM_mod_citrullination_l_14_01_01-DDA-1h-R1.mzML	R*DTVEVALEDK	C53H90N14O22	29091
Human_cit_proteome_syn_peptides	02207a_BB2-TUM_mod_citrullination_l_14_01_01-DDA-1h-R1.mzML	R*DTVEVALEDKGDSTFR	C81H131N23O32	31985
Human_cit_proteome_syn_peptides	02207a_BB2-TUM_mod_citrullination_l_14_01_01-DDA-1h-R1.mzML	R*GALFGM(15.9900)PGGSGGR	C55H89N19O18S	25966
Human_cit_proteome_syn_peptides	02207a_BB2-TUM_mod_citrullination_l_14_01_01-DDA-1h-R1.mzML	R*GEEGHDPKEPEQLR	C73H116N24O28	11178
Human_cit_proteome_syn_peptides	02207a_BB1-TUM_mod_citrullination_l_13_01_01-DDA-1h-R1.mzML	R*GFGFVTFDDHDPVDK	C84H117N21O27	42221
Human_cit_proteome_syn_peptides	02207a_BB2-TUM_mod_citrullination_l_14_01_01-DDA-1h-R1.mzML	R*GQ(0.9800)VVSSLLC(57.0200)R	C52H93N17O18S	35710
Human_cit_proteome_syn_peptides	02207a_BB2-TUM_mod_citrullination_l_14_01_01-DDA-1h-R1.mzML	R*GTFTDC(57.0200)ALANM(15.9900)TEQIR	C81H133N25O30S2	32893
Human_cit_proteome_syn_peptides	02207a_BB2-TUM_mod_citrullination_l_14_01_01-DDA-1h-R1.mzML	R*GTFTDC(57.0200)ALANMTEQIR	C81H133N25O29S2	43829
Human_cit_proteome_syn_peptides	02207a_BB3-TUM_mod_citrullination_l_15_01_01-DDA-1h-R1.mzML	R*HEM(15.9900)PPHIYAISESAYR	C91H136N26O28S	26525
Human_cit_proteome_syn_peptides	02207a_BB3-TUM_mod_citrullination_l_15_01_01-DDA-1h-R1.mzML	R*HEMPPHIYAISESAYR	C91H136N26O27S	28897
Human_cit_proteome_syn_peptides	02207a_BB2-TUM_mod_citrullination_l_14_01_01-DDA-1h-R1.mzML	R*HYN(0.9800)GEAYEDDEHHPR	C85H115N27O32	10316
Human_cit_proteome_syn_peptides	02207a_BB1-TUM_mod_citrullination_l_13_01_01-DDA-1h-R1.mzML	R*NRTTFN(0.9800)SSQLQALER	C79H131N27O29	31857
Human_cit_proteome_syn_peptides	02207a_BB2-TUM_mod_citrullination_l_14_01_01-DDA-1h-R1.mzML	R*PSLGELLLR	C51H91N15O15	47791
Human_cit_proteome_syn_peptides	02207a_BB2-TUM_mod_citrullination_l_14_01_01-DDA-1h-R1.mzML	R*PSLGELLLRHAHSPTR	C84H141N29O24	34372
Human_cit_proteome_syn_peptides	02207a_BB3-TUM_mod_citrullination_l_15_01_01-DDA-1h-R1.mzML	RPSLGELLLR*HAHSPTR	C84H141N29O24	33697
Human_cit_proteome_syn_peptides	02207a_BB2-TUM_mod_citrullination_l_14_01_01-DDA-1h-R1.mzML	RQM(15.9900)IYSAAR*AIAGM(15.9900)YK	C80H131N23O24S2	33846
Human_cit_proteome_syn_peptides	02207a_BB2-TUM_mod_citrullination_l_14_01_01-DDA-1h-R1.mzML	RQMIYSAAR*AIAGMYK	C80H131N23O22S2	43756
Human_cit_proteome_syn_peptides	02207a_BB3-TUM_mod_citrullination_l_15_01_01-DDA-1h-R1.mzML	R*QR*PYVVTFC(57.0200)GVN(0.9800)GVGK	C85H134N24O26S	38821
Human_cit_proteome_syn_peptides	02207a_BB2-TUM_mod_citrullination_l_14_01_01-DDA-1h-R1.mzML	RQ(0.9800)R*PYVVTFC(57.0200)GVN(0.9800)GVGK	C85H134N24O26S	35749
Human_cit_proteome_syn_peptides	02207a_BB3-TUM_mod_citrullination_l_15_01_01-DDA-1h-R1.mzML	RQ(0.9800)R*PYVVTFC(57.0200)GVN(0.9800)GVGK	C85H134N24O26S	35042
Human_cit_proteome_syn_peptides	02207a_BB3-TUM_mod_citrullination_l_15_01_01-DDA-1h-R1.mzML	RQR*PYVVTFC(57.0200)GVN(0.9800)GVGK	C85H135N25O25S	35186
Human_cit_proteome_syn_peptides	02207a_BB2-TUM_mod_citrullination_l_14_01_01-DDA-1h-R1.mzML	R*R*HYN(0.9800)GEAYEDDEHHPR	C91H126N30O34	11026
Human_cit_proteome_syn_peptides	02207a_BB2-TUM_mod_citrullination_l_14_01_01-DDA-1h-R1.mzML	RR*HYN(0.9800)GEAYEDDEHHPR	C91H127N31O33	10863
Human_cit_proteome_syn_peptides	02207a_BB3-TUM_mod_citrullination_l_15_01_01-DDA-1h-R1.mzML	R*R*SSAQ(0.9800)LQ(0.9800)GC(57.0200)LLSC(57.0200)GVR	C77H134N26O29S2	37548
Human_cit_proteome_syn_peptides	02207a_BB3-TUM_mod_citrullination_l_15_01_01-DDA-1h-R1.mzML	RR*SSAQ(0.9800)LQ(0.9800)GC(57.0200)LLSC(57.0200)GVR	C77H135N27O28S2	37549
Human_cit_proteome_syn_peptides	02207a_BB3-TUM_mod_citrullination_l_15_01_01-DDA-1h-R1.mzML	R*SELSQDAEPAGSQETK	C73H120N22O33	15176
Human_cit_proteome_syn_peptides	02207a_BB1-TUM_mod_citrullination_l_13_01_01-DDA-1h-R1.mzML	R*SR*SGEGEVSGLM(15.9900)R	C59H103N21O25S	18015
Human_cit_proteome_syn_peptides	02207a_BB3-TUM_mod_citrullination_l_15_01_01-DDA-1h-R1.mzML	R*SSAQ(0.9800)LQ(0.9800)GC(57.0200)LLSC(57.0200)GVR	C71H123N23O27S2	37139
Human_cit_proteome_syn_peptides	02207a_BB3-TUM_mod_citrullination_l_15_01_01-DDA-1h-R1.mzML	R*SYESVEGNIK	C54H87N15O21	21847
Human_cit_proteome_syn_peptides	02207a_BB3-TUM_mod_citrullination_l_15_01_01-DDA-1h-R1.mzML	R*SYESVEGNIKQGM(15.9900)SM(15.9900)R	C80H133N25O31S2	19742
Human_cit_proteome_syn_peptides	02207a_BB3-TUM_mod_citrullination_l_15_01_01-DDA-1h-R1.mzML	R*SYESVEGNIKQGMSMR	C80H133N25O29S2	31039
Human_cit_proteome_syn_peptides	02207a_BB2-TUM_mod_citrullination_l_14_01_01-DDA-1h-R1.mzML	R*TEEGYYEAITAVELK	C83H129N19O30	44240
Human_cit_proteome_syn_peptides	02207a_BB3-TUM_mod_citrullination_l_15_01_01-DDA-1h-R1.mzML	R*VAGGPQ(0.9800)M(15.9900)IQLSLDGK	C71H122N20O25S	36474
Human_cit_proteome_syn_peptides	02207a_BB3-TUM_mod_citrullination_l_15_01_01-DDA-1h-R1.mzML	R*VAGGPQ(0.9800)MIQLSLDGK	C71H122N20O24S	42579
Human_cit_proteome_syn_peptides	02207a_BB3-TUM_mod_citrullination_l_15_01_01-DDA-1h-R1.mzML	R*VAGGPQ(0.9800)M(15.9900)IQLSLDGKR	C77H134N24O26S	32171
Human_cit_proteome_syn_peptides	02207a_BB3-TUM_mod_citrullination_l_15_01_01-DDA-1h-R1.mzML	R*VAGGPQ(0.9800)MIQLSLDGKR	C77H134N24O25S	37690
Human_cit_proteome_syn_peptides	02207a_BB1-TUM_mod_citrullination_l_13_01_01-DDA-1h-R1.mzML	SGGGYGGDR*GGGYGGDR	C61H88N22O26	12593
Human_cit_proteome_syn_peptides	02207a_BB2-TUM_mod_citrullination_l_14_01_01-DDA-1h-R1.mzML	SGGGYGGDR*GGGYGGDR	C61H88N22O26	12863
Human_cit_proteome_syn_peptides	02207a_BB2-TUM_mod_citrullination_l_14_01_01-DDA-1h-R1.mzML	SGGYGGDR*SGGGYGGDR	C62H90N22O27	12760
Human_cit_proteome_syn_peptides	02207a_BB3-TUM_mod_citrullination_l_15_01_01-DDA-1h-R1.mzML	SGQAQER*QESHEQEVNR	C78H125N29O34	6339
Human_cit_proteome_syn_peptides	02207a_BB1-TUM_mod_citrullination_l_13_01_01-DDA-1h-R1.mzML	SGR*DPNHFRPAGLPEK	C77H119N25O24	20553
Human_cit_proteome_syn_peptides	02207a_BB1-TUM_mod_citrullination_l_13_01_01-DDA-1h-R1.mzML	SHGR*TQDENPVVHFFK	C84H123N25O26	34255
Human_cit_proteome_syn_peptides	02207a_BB1-TUM_mod_citrullination_l_13_01_01-DDA-1h-R1.mzML	SKEEQELHDIHSTR*SK	C79H129N25O31	12064
Human_cit_proteome_syn_peptides	02207a_BB3-TUM_mod_citrullination_l_15_01_01-DDA-1h-R1.mzML	SPM(15.9900)SFFER*TPSGN(0.9800)LVNR	C84H129N23O29S	38767
Human_cit_proteome_syn_peptides	02207a_BB3-TUM_mod_citrullination_l_15_01_01-DDA-1h-R1.mzML	SPMSFFER*TPSGN(0.9800)LVNR	C84H129N23O28S	44792
Human_cit_proteome_syn_peptides	02207a_BB2-TUM_mod_citrullination_l_14_01_01-DDA-1h-R1.mzML	SR*EQ(0.9800)M(15.9900)EQLR	C46H79N15O20S	10797
Human_cit_proteome_syn_peptides	02207a_BB2-TUM_mod_citrullination_l_14_01_01-DDA-1h-R1.mzML	SR*EQ(0.9800)MEQLR	C46H79N15O19S	20276
Human_cit_proteome_syn_peptides	02207a_BB2-TUM_mod_citrullination_l_14_01_01-DDA-1h-R1.mzML	SR*EQ(0.9800)M(15.9900)EQ(0.9800)LRNELLQ(0.9800)ER	C83H139N25O35S	37765
Human_cit_proteome_syn_peptides	02207a_BB2-TUM_mod_citrullination_l_14_01_01-DDA-1h-R1.mzML	SR*EQ(0.9800)M(15.9900)EQLR*NELLQ(0.9800)ER	C83H139N25O35S	37914
Human_cit_proteome_syn_peptides	02207a_BB2-TUM_mod_citrullination_l_14_01_01-DDA-1h-R1.mzML	SR*EQ(0.9800)M(15.9900)EQLRN(0.9800)ELLQ(0.9800)ER	C83H139N25O35S	32618
Human_cit_proteome_syn_peptides	02207a_BB3-TUM_mod_citrullination_l_15_01_01-DDA-1h-R1.mzML	SR*EQ(0.9800)M(15.9900)EQLRN(0.9800)ELLQ(0.9800)ER	C83H139N25O35S	29402
Human_cit_proteome_syn_peptides	02207a_BB2-TUM_mod_citrullination_l_14_01_01-DDA-1h-R1.mzML	SR*EQ(0.9800)MEQLRN(0.9800)ELLQ(0.9800)ER	C83H139N25O34S	42474
Human_cit_proteome_syn_peptides	02207a_BB2-TUM_mod_citrullination_l_14_01_01-DDA-1h-R1.mzML	SR*EQM(15.9900)EQ(0.9800)LRN(0.9800)ELLQ(0.9800)ER	C83H139N25O35S	38059
Human_cit_proteome_syn_peptides	02207a_BB3-TUM_mod_citrullination_l_15_01_01-DDA-1h-R1.mzML	SR*EQM(15.9900)EQ(0.9800)LRN(0.9800)ELLQ(0.9800)ER	C83H139N25O35S	33753
Human_cit_proteome_syn_peptides	02207a_BB1-TUM_mod_citrullination_l_13_01_01-DDA-1h-R1.mzML	SREQ(0.9800)M(15.9900)EQLR*N(0.9800)ELLQ(0.9800)ER	C83H139N25O35S	35066
Human_cit_proteome_syn_peptides	02207a_BB1-TUM_mod_citrullination_l_13_01_01-DDA-1h-R1.mzML	SREQ(0.9800)MEQLR*N(0.9800)ELLQ(0.9800)ER	C83H139N25O34S	43563
Human_cit_proteome_syn_peptides	02207a_BB1-TUM_mod_citrullination_l_13_01_01-DDA-1h-R1.mzML	SRM(15.9900)GPSGGEGM(15.9900)EPER*R	C67H112N24O28S2	5541
Human_cit_proteome_syn_peptides	02207a_BB1-TUM_mod_citrullination_l_13_01_01-DDA-1h-R1.mzML	SRMGPSGGEGM(15.9900)EPER*R	C67H112N24O27S2	9435
Human_cit_proteome_syn_peptides	02207a_BB2-TUM_mod_citrullination_l_14_01_01-DDA-1h-R1.mzML	SR*SGEGEVSGLM(15.9900)R	C53H92N18O23S	17821
Human_cit_proteome_syn_peptides	02207a_BB2-TUM_mod_citrullination_l_14_01_01-DDA-1h-R1.mzML	SR*SGEGEVSGLMR	C53H92N18O22S	27210
Human_cit_proteome_syn_peptides	02207a_BB3-TUM_mod_citrullination_l_15_01_01-DDA-1h-R1.mzML	SRSGEGEVSGLM(15.9900)R*	C53H92N18O23S	17778
Human_cit_proteome_syn_peptides	02207a_BB1-TUM_mod_citrullination_l_13_01_01-DDA-1h-R1.mzML	SR*SGEGEVSGLM(15.9900)RK	C59H104N20O24S	13894
Human_cit_proteome_syn_peptides	02207a_BB1-TUM_mod_citrullination_l_13_01_01-DDA-1h-R1.mzML	SR*SGEGEVSGLMRK	C59H104N20O23S	22200
Human_cit_proteome_syn_peptides	02207a_BB2-TUM_mod_citrullination_l_14_01_01-DDA-1h-R1.mzML	SR*SGEGEVSGLMRK	C59H104N20O23S	22273
Human_cit_proteome_syn_peptides	02207a_BB2-TUM_mod_citrullination_l_14_01_01-DDA-1h-R1.mzML	SSR*IGEIKEETTSHLR	C76H130N24O29	26302
Human_cit_proteome_syn_peptides	02207a_BB1-TUM_mod_citrullination_l_13_01_01-DDA-1h-R1.mzML	SVFTVEQ(0.9800)Q(0.9800)R*ILQR	C70H115N19O24	44544
Human_cit_proteome_syn_peptides	02207a_BB1-TUM_mod_citrullination_l_13_01_01-DDA-1h-R1.mzML	SVSQER*LEDSVLM(15.9900)K	C67H116N18O27S	33009
Human_cit_proteome_syn_peptides	02207a_BB1-TUM_mod_citrullination_l_13_01_01-DDA-1h-R1.mzML	SVSQER*LEDSVLMK	C67H116N18O26S	37088
Human_cit_proteome_syn_peptides	02207a_BB3-TUM_mod_citrullination_l_15_01_01-DDA-1h-R1.mzML	TGTYR*QLFHPEQLITGK	C90H140N24O27	42389
Human_cit_proteome_syn_peptides	02207a_BB2-TUM_mod_citrullination_l_14_01_01-DDA-1h-R1.mzML	TSEEER*Q(0.9800)EIRQ(0.9800)Q(0.9800)IGTK	C78H130N22O35	29270
Human_cit_proteome_syn_peptides	02207a_BB1-TUM_mod_citrullination_l_13_01_01-DDA-1h-R1.mzML	TSEEERQ(0.9800)EIR*Q(0.9800)Q(0.9800)IGTK	C78H130N22O35	27297
Human_cit_proteome_syn_peptides	02207a_BB2-TUM_mod_citrullination_l_14_01_01-DDA-1h-R1.mzML	TVEMR*DGEVIK	C53H92N14O20S	24836
Human_cit_proteome_syn_peptides	02207a_BB3-TUM_mod_citrullination_l_15_01_01-DDA-1h-R1.mzML	TVEMR*DGEVIK	C53H92N14O20S	24719
Human_cit_proteome_syn_peptides	02207a_BB2-TUM_mod_citrullination_l_14_01_01-DDA-1h-R1.mzML	TYM(15.9900)DVM(15.9900)R*EQHLTKEER	C86H139N25O32S2	15339
Human_cit_proteome_syn_peptides	02207a_BB2-TUM_mod_citrullination_l_14_01_01-DDA-1h-R1.mzML	TYMDVMR*EQHLTKEER	C86H139N25O30S2	27766
Human_cit_proteome_syn_peptides	02207a_BB1-TUM_mod_citrullination_l_13_01_01-DDA-1h-R1.mzML	VAKIGDFGM(15.9900)AR*	C51H84N14O16S	27107
Human_cit_proteome_syn_peptides	02207a_BB1-TUM_mod_citrullination_l_13_01_01-DDA-1h-R1.mzML	VAKIGDFGM(15.9900)AR*DIYR	C76H121N21O23S	32562
Human_cit_proteome_syn_peptides	02207a_BB1-TUM_mod_citrullination_l_13_01_01-DDA-1h-R1.mzML	VAKIGDFGMAR*DIYR	C76H121N21O22S	38091
Human_cit_proteome_syn_peptides	02207a_BB2-TUM_mod_citrullination_l_14_01_01-DDA-1h-R1.mzML	VESREAGPSVDR*	C52H87N17O22	11618
Human_cit_proteome_syn_peptides	02207a_BB3-TUM_mod_citrullination_l_15_01_01-DDA-1h-R1.mzML	VESR*EAGPSVDRDGGLR	C72H121N25O29	18045
Human_cit_proteome_syn_peptides	02207a_BB2-TUM_mod_citrullination_l_14_01_01-DDA-1h-R1.mzML	VESREAGPSVDR*DGGLR	C72H121N25O29	17399
Human_cit_proteome_syn_peptides	02207a_BB3-TUM_mod_citrullination_l_15_01_01-DDA-1h-R1.mzML	VNNLISDQDFFALR*SIK	C89H141N23O28	52009
Human_cit_proteome_syn_peptides	02207a_BB1-TUM_mod_citrullination_l_13_01_01-DDA-1h-R1.mzML	VQ(0.9800)KLEEQFR*SDAAM(15.9900)Q(0.9800)K	C81H131N21O31S	27020
Human_cit_proteome_syn_peptides	02207a_BB1-TUM_mod_citrullination_l_13_01_01-DDA-1h-R1.mzML	VQ(0.9800)KLEEQFR*SDAAMQ(0.9800)K	C81H131N21O30S	29869
Human_cit_proteome_syn_peptides	02207a_BB3-TUM_mod_citrullination_l_15_01_01-DDA-1h-R1.mzML	VR*GEESEVTVGGLEPGR	C73H122N22O29	29649
Human_cit_proteome_syn_peptides	02207a_BB3-TUM_mod_citrullination_l_15_01_01-DDA-1h-R1.mzML	VVDR*GN(0.9800)GSRPSSPEEVK	C74H123N23O30	12269
Human_cit_proteome_syn_peptides	02207a_BB3-TUM_mod_citrullination_l_15_01_01-DDA-1h-R1.mzML	WEM(15.9900)AAQ(0.9800)LR*EYQDLLN(0.9800)VK	C94H144N22O32S	49776
Human_cit_proteome_syn_peptides	02207a_BB3-TUM_mod_citrullination_l_15_01_01-DDA-1h-R1.mzML	WEMAAQ(0.9800)LR*EYQDLLN(0.9800)VK	C94H144N22O31S	57098
Human_cit_proteome_syn_peptides	02207a_BB1-TUM_mod_citrullination_l_13_01_01-DDA-1h-R1.mzML	YFDR*INEN(0.9800)DPEYIR	C82H116N20O29	39737
Human_cit_proteome_syn_peptides	02207a_BB3-TUM_mod_citrullination_l_15_01_01-DDA-1h-R1.mzML	YM(15.9900)R*LKEELQ(0.9800)LSDEQLQK	C93H153N23O34S	37837
Human_cit_proteome_syn_peptides	02207a_BB3-TUM_mod_citrullination_l_15_01_01-DDA-1h-R1.mzML	YMR*LKEELQ(0.9800)LSDEQLQK	C93H153N23O33S	37793
Human_cit_proteome_syn_peptides	02207a_BB1-TUM_mod_citrullination_l_13_01_01-DDA-1h-R1.mzML	YTGN(0.9800)TYR*VGDTYERPK	C84H124N22O30	21996
Human_cit_proteome_syn_peptides	02207a_BB1-TUM_mod_citrullination_l_13_01_01-DDA-1h-R1.mzML	YTGNTYR*VGDTYERPK	C84H125N23O29	20669
Human_cit_proteome_syn_peptides	02207a_BB2-TUM_mod_citrullination_l_14_01_01-DDA-1h-R1.mzML	YTGNTYRVGDTYER*PK	C84H125N23O29	20380
Human_cit_proteome_syn_peptides	02207a_BB2-TUM_mod_citrullination_l_14_01_01-DDA-1h-R1.mzML	YTR*ISTGGGETEETLKK	C79H131N21O31	19281
