sampleName	precursorFile	parentId	formula	sequence	fullSequence	scanNum	unique	precursorMZ	charge	score
02330a_GE1_3990_05_PTM_TrainKit_Rmod_Citrullin_200fmol_3xHCD_R1	02330a_GE1_3990_05_PTM_TrainKit_Rmod_Citrullin_200fmol_3xHCD_R1.mzML	PTM_Trainingskit_Rmod	C61H108N16O21S	M(15.9949)TEDALR*LNLLK	M(15.9949)TEDALR*LNLLK	40671	True	717.38706	2	326.85
02330a_GE1_3990_05_PTM_TrainKit_Rmod_Citrullin_200fmol_3xHCD_R1	02330a_GE1_3990_05_PTM_TrainKit_Rmod_Citrullin_200fmol_3xHCD_R1.mzML	PTM_Trainingskit_Rmod	C74H121N23O25	PGGLGSSSLYGLGASR*PR	PGGLGSSSLYGLGASR*PR	32774	False	866.95247	2	305.9
02330a_GE1_3990_05_PTM_TrainKit_Rmod_Citrullin_200fmol_3xHCD_R1	02330a_GE1_3990_05_PTM_TrainKit_Rmod_Citrullin_200fmol_3xHCD_R1.mzML	PTM_Trainingskit_Rmod	C72H105N25O26	DSR*GGGGNFGPGPGSNFR	DSR*GGGGNFGPGPGSNFR	23346	True	868.89041	2	303.34
02330a_GE1_3990_05_PTM_TrainKit_Rmod_Citrullin_200fmol_3xHCD_R1	02330a_GE1_3990_05_PTM_TrainKit_Rmod_Citrullin_200fmol_3xHCD_R1.mzML	PTM_Trainingskit_Rmod	C62H97N19O20	SR*GAIISQYYNR	SR*GAIISQYYNR	26568	True	714.86514	2	301.07
02330a_GE1_3990_05_PTM_TrainKit_Rmod_Citrullin_200fmol_3xHCD_R1	02330a_GE1_3990_05_PTM_TrainKit_Rmod_Citrullin_200fmol_3xHCD_R1.mzML	PTM_Trainingskit_Rmod	C69H117N19O21S	LVIFTNQM(15.9949)SIGR*GK	LVIFTNQM(15.9949)SIGR*GK	32921	True	790.92688	2	291.51
02330a_GE1_3990_05_PTM_TrainKit_Rmod_Citrullin_200fmol_3xHCD_R1	02330a_GE1_3990_05_PTM_TrainKit_Rmod_Citrullin_200fmol_3xHCD_R1.mzML	PTM_Trainingskit_Rmod	C81H118N20O24	YGR*GQLNYPLPDFSK	YGR*GQLNYPLPDFSK	38686	True	878.4386699999999	2	291.2
02330a_GE1_3990_05_PTM_TrainKit_Rmod_Citrullin_200fmol_3xHCD_R1	02330a_GE1_3990_05_PTM_TrainKit_Rmod_Citrullin_200fmol_3xHCD_R1.mzML	PTM_Trainingskit_Rmod	C54H94N18O22	GR*GTSQLAEGATAK	GR*GTSQLAEGATAK	11474	True	674.34678	2	288.96
02330a_GE1_3990_05_PTM_TrainKit_Rmod_Citrullin_200fmol_3xHCD_R1	02330a_GE1_3990_05_PTM_TrainKit_Rmod_Citrullin_200fmol_3xHCD_R1.mzML	PTM_Trainingskit_Rmod	C63H100N18O27S	M(15.9949)EGSDFESSGGR*GLK	M(15.9949)EGSDFESSGGR*GLK	17458	True	787.34358	2	288.96
02330a_GE1_3990_05_PTM_TrainKit_Rmod_Citrullin_200fmol_3xHCD_R1	02330a_GE1_3990_05_PTM_TrainKit_Rmod_Citrullin_200fmol_3xHCD_R1.mzML	PTM_Trainingskit_Rmod	C67H111N23O23	AAYQAAIR*GVGSAQSR	AAYQAAIR*GVGSAQSR	23225	True	803.91843	2	287.01
02330a_GE1_3990_05_PTM_TrainKit_Rmod_Citrullin_200fmol_3xHCD_R1	02330a_GE1_3990_05_PTM_TrainKit_Rmod_Citrullin_200fmol_3xHCD_R1.mzML	PTM_Trainingskit_Rmod	C68H100N24O23	SR*GGGGNFGPGPGSNFR	SR*GGGGNFGPGPGSNFR	22182	True	811.37693	2	284.07
02330a_GE1_3990_05_PTM_TrainKit_Rmod_Citrullin_200fmol_3xHCD_R1	02330a_GE1_3990_05_PTM_TrainKit_Rmod_Citrullin_200fmol_3xHCD_R1.mzML	PTM_Trainingskit_Rmod	C73H116N22O21	IQNGAQGIR*FIYTR	IQNGAQGIR*FIYTR	35651	True	819.44155	2	278.82
02330a_GE1_3990_05_PTM_TrainKit_Rmod_Citrullin_200fmol_3xHCD_R1	02330a_GE1_3990_05_PTM_TrainKit_Rmod_Citrullin_200fmol_3xHCD_R1.mzML	PTM_Trainingskit_Rmod	C65H105N23O25	GR*GAANDSTQFTVAGR	GR*GAANDSTQFTVAGR	19735	True	804.88987	2	278.68
02330a_GE1_3990_05_PTM_TrainKit_Rmod_Citrullin_200fmol_3xHCD_R1	02330a_GE1_3990_05_PTM_TrainKit_Rmod_Citrullin_200fmol_3xHCD_R1.mzML	PTM_Trainingskit_Rmod	C54H97N17O19	STNVTVAAAR*GIK	STNVTVAAAR*GIK	22061	True	644.86461	2	276.25
02330a_GE1_3990_05_PTM_TrainKit_Rmod_Citrullin_200fmol_3xHCD_R1	02330a_GE1_3990_05_PTM_TrainKit_Rmod_Citrullin_200fmol_3xHCD_R1.mzML	PTM_Trainingskit_Rmod	C56H93N17O20S	M(15.9949)SGR*GVGSVSQFK	M(15.9949)SGR*GVGSVSQFK	19651	True	678.83245	2	274.44
02330a_GE1_3990_05_PTM_TrainKit_Rmod_Citrullin_200fmol_3xHCD_R1	02330a_GE1_3990_05_PTM_TrainKit_Rmod_Citrullin_200fmol_3xHCD_R1.mzML	PTM_Trainingskit_Rmod	C73H109N21O24	GSYLGGYSAGR*GIYSR	GSYLGGYSAGR*GIYSR	29168	True	832.90499	2	274.02
02330a_GE1_3990_05_PTM_TrainKit_Rmod_Citrullin_200fmol_3xHCD_R1	02330a_GE1_3990_05_PTM_TrainKit_Rmod_Citrullin_200fmol_3xHCD_R1.mzML	PTM_Trainingskit_Rmod	C61H88N22O26	SGGGYGGDR*GGGYGGDR	SGGGYGGDR*GGGYGGDR	9835	True	773.3192799999999	2	273.82
02330a_GE1_3990_05_PTM_TrainKit_Rmod_Citrullin_200fmol_3xHCD_R1	02330a_GE1_3990_05_PTM_TrainKit_Rmod_Citrullin_200fmol_3xHCD_R1.mzML	PTM_Trainingskit_Rmod	C66H102N20O27	GR*GTGEAEEEYVGPR	GR*GTGEAEEEYVGPR	18486	True	804.3684400000001	2	270.21
02330a_GE1_3990_05_PTM_TrainKit_Rmod_Citrullin_200fmol_3xHCD_R1	02330a_GE1_3990_05_PTM_TrainKit_Rmod_Citrullin_200fmol_3xHCD_R1.mzML	PTM_Trainingskit_Rmod	C89H126N26O29	YSSNLGNFNYEQR*GAFR	YSSNLGNFNYEQR*GAFR	32977	True	1012.4665	2	254.68
02330a_GE1_3990_05_PTM_TrainKit_Rmod_Citrullin_200fmol_3xHCD_R1	02330a_GE1_3990_05_PTM_TrainKit_Rmod_Citrullin_200fmol_3xHCD_R1.mzML	PTM_Trainingskit_Rmod	C65H113N17O25S	IEVIEIM(15.9949)TDR*GSGK	IEVIEIM(15.9949)TDR*GSGK	29951	True	782.89799	2	245.93
02330a_GE1_3990_05_PTM_TrainKit_Rmod_Citrullin_200fmol_3xHCD_R1	02330a_GE1_3990_05_PTM_TrainKit_Rmod_Citrullin_200fmol_3xHCD_R1.mzML	PTM_Trainingskit_Rmod	C67H113N19O20	APPIDR*SILPTAPR	APPIDR*SILPTAPR	34935	True	752.9277400000001	2	245.4
02330a_GE1_3990_05_PTM_TrainKit_Rmod_Citrullin_200fmol_3xHCD_R1	02330a_GE1_3990_05_PTM_TrainKit_Rmod_Citrullin_200fmol_3xHCD_R1.mzML	PTM_Trainingskit_Rmod	C57H89N19O21	FSHSVQNSER*GK	FSHSVQNSER*GK	3999	True	688.8313	2	243.37
02330a_GE1_3990_05_PTM_TrainKit_Rmod_Citrullin_200fmol_3xHCD_R1	02330a_GE1_3990_05_PTM_TrainKit_Rmod_Citrullin_200fmol_3xHCD_R1.mzML	PTM_Trainingskit_Rmod	C63H89N19O25	SGGYGGSR*DYYSSR	SGGYGGSR*DYYSSR	15448	True	756.8211299999999	2	242.41
02330a_GE1_3990_05_PTM_TrainKit_Rmod_Citrullin_200fmol_3xHCD_R1	02330a_GE1_3990_05_PTM_TrainKit_Rmod_Citrullin_200fmol_3xHCD_R1.mzML	PTM_Trainingskit_Rmod	C77H121N23O25	GR*GVGSPEPGPTAPYLGR	GR*GVGSPEPGPTAPYLGR	27408	True	884.95247	2	242.26
02330a_GE1_3990_05_PTM_TrainKit_Rmod_Citrullin_200fmol_3xHCD_R1	02330a_GE1_3990_05_PTM_TrainKit_Rmod_Citrullin_200fmol_3xHCD_R1.mzML	PTM_Trainingskit_Rmod	C55H91N17O18S	M(15.9949)SEGR*GLPPPPR	M(15.9949)SEGR*GLPPPPR	17140	True	655.82971	2	241.15
02330a_GE1_3990_05_PTM_TrainKit_Rmod_Citrullin_200fmol_3xHCD_R1	02330a_GE1_3990_05_PTM_TrainKit_Rmod_Citrullin_200fmol_3xHCD_R1.mzML	PTM_Trainingskit_Rmod	C47H83N19O20	GGSGGR*GVSVSSAR	GGSGGR*GVSVSSAR	7933	True	617.81036	2	239.37
02330a_GE1_3990_05_PTM_TrainKit_Rmod_Citrullin_200fmol_3xHCD_R1	02330a_GE1_3990_05_PTM_TrainKit_Rmod_Citrullin_200fmol_3xHCD_R1.mzML	PTM_Trainingskit_Rmod	C89H152N24O22	LQLGTPPPLLAAR*LVPPR	LQLGTPPPLLAAR*LVPPR	49929	True	637.3910400000001	3	238.12
02330a_GE1_3990_05_PTM_TrainKit_Rmod_Citrullin_200fmol_3xHCD_R1	02330a_GE1_3990_05_PTM_TrainKit_Rmod_Citrullin_200fmol_3xHCD_R1.mzML	PTM_Trainingskit_Rmod	C71H115N21O22S	DC(57.0215)GTLPNR*FVITPR	DC(57.0215)GTLPNR*FVITPR	36941	True	823.9195900000001	2	235.38
02330a_GE1_3990_05_PTM_TrainKit_Rmod_Citrullin_200fmol_3xHCD_R1	02330a_GE1_3990_05_PTM_TrainKit_Rmod_Citrullin_200fmol_3xHCD_R1.mzML	PTM_Trainingskit_Rmod	C74H120N22O19	VTR*YPILGIPQAHR	VTR*YPILGIPQAHR	34444	True	541.31061	3	233.59
02330a_GE1_3990_05_PTM_TrainKit_Rmod_Citrullin_200fmol_3xHCD_R1	02330a_GE1_3990_05_PTM_TrainKit_Rmod_Citrullin_200fmol_3xHCD_R1.mzML	PTM_Trainingskit_Rmod	C64H104N20O22S2	TNAAAM(15.9949)NM(15.9949)GR*PFQK	TNAAAM(15.9949)NM(15.9949)GR*PFQK	11677	True	785.36105	2	231.69
02330a_GE1_3990_05_PTM_TrainKit_Rmod_Citrullin_200fmol_3xHCD_R1	02330a_GE1_3990_05_PTM_TrainKit_Rmod_Citrullin_200fmol_3xHCD_R1.mzML	PTM_Trainingskit_Rmod	C50H80N16O21S	M(15.9949)TGSSGGDR*GGFK	M(15.9949)TGSSGGDR*GGFK	6504	True	637.27751	2	231.66
02330a_GE1_3990_05_PTM_TrainKit_Rmod_Citrullin_200fmol_3xHCD_R1	02330a_GE1_3990_05_PTM_TrainKit_Rmod_Citrullin_200fmol_3xHCD_R1.mzML	PTM_Trainingskit_Rmod	C77H133N27O28	TQAEGQGQGR*GLGLVSAVR	TQAEGQGQGR*GLGLVSAVR	30391	True	942.9979400000001	2	231.5
02330a_GE1_3990_05_PTM_TrainKit_Rmod_Citrullin_200fmol_3xHCD_R1	02330a_GE1_3990_05_PTM_TrainKit_Rmod_Citrullin_200fmol_3xHCD_R1.mzML	PTM_Trainingskit_Rmod	C53H86N16O18	AGR*GFSLEELR	AGR*GFSLEELR	35396	True	618.32258	2	229.0
02330a_GE1_3990_05_PTM_TrainKit_Rmod_Citrullin_200fmol_3xHCD_R1	02330a_GE1_3990_05_PTM_TrainKit_Rmod_Citrullin_200fmol_3xHCD_R1.mzML	PTM_Trainingskit_Rmod	C43H77N17O18	SGGR*GVSVSSAR	SGGR*GVSVSSAR	7856	True	560.7889	2	222.81
02330a_GE1_3990_05_PTM_TrainKit_Rmod_Citrullin_200fmol_3xHCD_R1	02330a_GE1_3990_05_PTM_TrainKit_Rmod_Citrullin_200fmol_3xHCD_R1.mzML	PTM_Trainingskit_Rmod	C67H100N20O24	SFDEVEGVFGR*GGGR	SFDEVEGVFGR*GGGR	35236	True	785.36824	2	222.74
02330a_GE1_3990_05_PTM_TrainKit_Rmod_Citrullin_200fmol_3xHCD_R1	02330a_GE1_3990_05_PTM_TrainKit_Rmod_Citrullin_200fmol_3xHCD_R1.mzML	PTM_Trainingskit_Rmod	C55H99N17O16S	GIGR*GIALQLC(57.0215)K	GIGR*GIALQLC(57.0215)K	34873	True	643.8661	2	220.82
02330a_GE1_3990_05_PTM_TrainKit_Rmod_Citrullin_200fmol_3xHCD_R1	02330a_GE1_3990_05_PTM_TrainKit_Rmod_Citrullin_200fmol_3xHCD_R1.mzML	PTM_Trainingskit_Rmod	C69H114N22O23	LGTTPSVYGGAGGR*GIR	LGTTPSVYGGAGGR*GIR	24421	False	810.4286400000001	2	220.27
02330a_GE1_3990_05_PTM_TrainKit_Rmod_Citrullin_200fmol_3xHCD_R1	02330a_GE1_3990_05_PTM_TrainKit_Rmod_Citrullin_200fmol_3xHCD_R1.mzML	PTM_Trainingskit_Rmod	C66H111N23O22	GAPGGR*GAQLSVPSPAR	GAPGGR*GAQLSVPSPAR	23499	True	789.92098	2	218.45
02330a_GE1_3990_05_PTM_TrainKit_Rmod_Citrullin_200fmol_3xHCD_R1	02330a_GE1_3990_05_PTM_TrainKit_Rmod_Citrullin_200fmol_3xHCD_R1.mzML	PTM_Trainingskit_Rmod	C42H76N14O13	LR*QQLQAK	LR*QQLQAK	8551	True	493.29309000000006	2	215.1
02330a_GE1_3990_05_PTM_TrainKit_Rmod_Citrullin_200fmol_3xHCD_R1	02330a_GE1_3990_05_PTM_TrainKit_Rmod_Citrullin_200fmol_3xHCD_R1.mzML	PTM_Trainingskit_Rmod	C57H101N17O19S	C(57.0215)VEGQLLR*GLSK	C(57.0215)VEGQLLR*GLSK	35402	True	680.86629	2	214.61
02330a_GE1_3990_05_PTM_TrainKit_Rmod_Citrullin_200fmol_3xHCD_R1	02330a_GE1_3990_05_PTM_TrainKit_Rmod_Citrullin_200fmol_3xHCD_R1.mzML	PTM_Trainingskit_Rmod	C53H90N22O21	HGGSGGR*GVSVSSAR	HGGSGGR*GVSVSSAR	5134	True	686.33982	2	214.58
02330a_GE1_3990_05_PTM_TrainKit_Rmod_Citrullin_200fmol_3xHCD_R1	02330a_GE1_3990_05_PTM_TrainKit_Rmod_Citrullin_200fmol_3xHCD_R1.mzML	PTM_Trainingskit_Rmod	C46H72N16O15	PGTPAGYGR*GR	PGTPAGYGR*GR	7930	True	545.27543	2	213.25
02330a_GE1_3990_05_PTM_TrainKit_Rmod_Citrullin_200fmol_3xHCD_R1	02330a_GE1_3990_05_PTM_TrainKit_Rmod_Citrullin_200fmol_3xHCD_R1.mzML	PTM_Trainingskit_Rmod	C71H116N24O23	GGPGGELPR*GPQAGLGPR	GGPGGELPR*GPQAGLGPR	25677	True	837.43953	2	213.02
02330a_GE1_3990_05_PTM_TrainKit_Rmod_Citrullin_200fmol_3xHCD_R1	02330a_GE1_3990_05_PTM_TrainKit_Rmod_Citrullin_200fmol_3xHCD_R1.mzML	PTM_Trainingskit_Rmod	C56H90N22O21S2	SGQGAFGNM(15.9949)C(57.0215)R*GGR	SGQGAFGNM(15.9949)C(57.0215)R*GGR	8891	True	736.3118900000001	2	212.78
02330a_GE1_3990_05_PTM_TrainKit_Rmod_Citrullin_200fmol_3xHCD_R1	02330a_GE1_3990_05_PTM_TrainKit_Rmod_Citrullin_200fmol_3xHCD_R1.mzML	PTM_Trainingskit_Rmod	C68H97N17O19	DFAFYNPR*LQGK	DFAFYNPR*LQGK	36769	True	728.86461	2	208.17
02330a_GE1_3990_05_PTM_TrainKit_Rmod_Citrullin_200fmol_3xHCD_R1	02330a_GE1_3990_05_PTM_TrainKit_Rmod_Citrullin_200fmol_3xHCD_R1.mzML	PTM_Trainingskit_Rmod	C85H136N24O23S	IR*M(15.9949)THNLLLNYGLYR	IR*M(15.9949)THNLLLNYGLYR	38001	True	632.0049700000001	3	208.15
02330a_GE1_3990_05_PTM_TrainKit_Rmod_Citrullin_200fmol_3xHCD_R1	02330a_GE1_3990_05_PTM_TrainKit_Rmod_Citrullin_200fmol_3xHCD_R1.mzML	PTM_Trainingskit_Rmod	C71H108N20O23	TPSSFR*QPFTPTSR	TPSSFR*QPFTPTSR	27666	True	805.40209	2	206.18
02330a_GE1_3990_05_PTM_TrainKit_Rmod_Citrullin_200fmol_3xHCD_R1	02330a_GE1_3990_05_PTM_TrainKit_Rmod_Citrullin_200fmol_3xHCD_R1.mzML	PTM_Trainingskit_Rmod	C67H103N19O22	YSR*GAGLGFSTAPNK	YSR*GAGLGFSTAPNK	25053	True	763.88353	2	205.66
02330a_GE1_3990_05_PTM_TrainKit_Rmod_Citrullin_200fmol_3xHCD_R1	02330a_GE1_3990_05_PTM_TrainKit_Rmod_Citrullin_200fmol_3xHCD_R1.mzML	PTM_Trainingskit_Rmod	C61H95N21O19	GNLEGPWGGGR*GLR	GNLEGPWGGGR*GLR	31081	True	713.86293	2	201.48
02330a_GE1_3990_05_PTM_TrainKit_Rmod_Citrullin_200fmol_3xHCD_R1	02330a_GE1_3990_05_PTM_TrainKit_Rmod_Citrullin_200fmol_3xHCD_R1.mzML	PTM_Trainingskit_Rmod	C53H94N16O15	PR*GVISTPVIR	PR*GVISTPVIR	29328	True	598.3615	2	200.76
02330a_GE1_3990_05_PTM_TrainKit_Rmod_Citrullin_200fmol_3xHCD_R1	02330a_GE1_3990_05_PTM_TrainKit_Rmod_Citrullin_200fmol_3xHCD_R1.mzML	PTM_Trainingskit_Rmod	C56H80N20O23	GGGYGGDR*GGYGGDR	GGGYGGDR*GGYGGDR	10175	True	701.29254	2	196.18
02330a_GE1_3990_05_PTM_TrainKit_Rmod_Citrullin_200fmol_3xHCD_R1	02330a_GE1_3990_05_PTM_TrainKit_Rmod_Citrullin_200fmol_3xHCD_R1.mzML	PTM_Trainingskit_Rmod	C51H85N17O18S	GM(15.9949)DTR*GPVPGPR	GM(15.9949)DTR*GPVPGPR	12477	True	628.80624	2	196.16
02330a_GE1_3990_05_PTM_TrainKit_Rmod_Citrullin_200fmol_3xHCD_R1	02330a_GE1_3990_05_PTM_TrainKit_Rmod_Citrullin_200fmol_3xHCD_R1.mzML	PTM_Trainingskit_Rmod	C70H118N26O26	APSIHGGSGGR*GVSVSSAR	APSIHGGSGGR*GVSVSSAR	13365	False	580.63096	3	195.25
02330a_GE1_3990_05_PTM_TrainKit_Rmod_Citrullin_200fmol_3xHCD_R1	02330a_GE1_3990_05_PTM_TrainKit_Rmod_Citrullin_200fmol_3xHCD_R1.mzML	PTM_Trainingskit_Rmod	C67H111N17O23S	VTVAR*GSALEM(15.9949)EFK	VTVAR*GSALEM(15.9949)EFK	31314	True	777.89525	2	194.48
02330a_GE1_3990_05_PTM_TrainKit_Rmod_Citrullin_200fmol_3xHCD_R1	02330a_GE1_3990_05_PTM_TrainKit_Rmod_Citrullin_200fmol_3xHCD_R1.mzML	PTM_Trainingskit_Rmod	C65H112N24O21	GIGR*GTVQALHATGAR	GIGR*GTVQALHATGAR	21566	True	783.42897	2	192.78
02330a_GE1_3990_05_PTM_TrainKit_Rmod_Citrullin_200fmol_3xHCD_R1	02330a_GE1_3990_05_PTM_TrainKit_Rmod_Citrullin_200fmol_3xHCD_R1.mzML	PTM_Trainingskit_Rmod	C50H81N13O14	PR*LPATGTFK	PR*LPATGTFK	24854	True	544.80857	2	190.57
02330a_GE1_3990_05_PTM_TrainKit_Rmod_Citrullin_200fmol_3xHCD_R1	02330a_GE1_3990_05_PTM_TrainKit_Rmod_Citrullin_200fmol_3xHCD_R1.mzML	PTM_Trainingskit_Rmod	C64H109N21O20	PR*TPTAPAVNLAGAR	PR*TPTAPAVNLAGAR	26524	True	746.91516	2	188.92
02330a_GE1_3990_05_PTM_TrainKit_Rmod_Citrullin_200fmol_3xHCD_R1	02330a_GE1_3990_05_PTM_TrainKit_Rmod_Citrullin_200fmol_3xHCD_R1.mzML	PTM_Trainingskit_Rmod	C79H129N23O27S3	M(15.9949)GAGM(15.9949)GFGLER*M(15.9949)AAPIDR	M(15.9949)GAGM(15.9949)GFGLER*M(15.9949)AAPIDR	29474	True	964.9368	2	187.5
02330a_GE1_3990_05_PTM_TrainKit_Rmod_Citrullin_200fmol_3xHCD_R1	02330a_GE1_3990_05_PTM_TrainKit_Rmod_Citrullin_200fmol_3xHCD_R1.mzML	PTM_Trainingskit_Rmod	C82H129N23O33	GSGLGAR*GSSYGVTSTESYK	GSGLGAR*GSSYGVTSTESYK	22608	True	982.9634300000001	2	186.01
02330a_GE1_3990_05_PTM_TrainKit_Rmod_Citrullin_200fmol_3xHCD_R1	02330a_GE1_3990_05_PTM_TrainKit_Rmod_Citrullin_200fmol_3xHCD_R1.mzML	PTM_Trainingskit_Rmod	C51H78N20O17	GGGGGR*GGLHDFR	GGGGGR*GGLHDFR	13531	True	622.29997	2	185.37
02330a_GE1_3990_05_PTM_TrainKit_Rmod_Citrullin_200fmol_3xHCD_R1	02330a_GE1_3990_05_PTM_TrainKit_Rmod_Citrullin_200fmol_3xHCD_R1.mzML	PTM_Trainingskit_Rmod	C54H79N19O20	SGR*GGNFGFGDSR	SGR*GGNFGFGDSR	22787	True	657.79471	2	184.51
02330a_GE1_3990_05_PTM_TrainKit_Rmod_Citrullin_200fmol_3xHCD_R1	02330a_GE1_3990_05_PTM_TrainKit_Rmod_Citrullin_200fmol_3xHCD_R1.mzML	PTM_Trainingskit_Rmod	C40H65N13O12	PAR*GLYSR	PAR*GLYSR	11745	True	460.75105999999994	2	182.53
02330a_GE1_3990_05_PTM_TrainKit_Rmod_Citrullin_200fmol_3xHCD_R1	02330a_GE1_3990_05_PTM_TrainKit_Rmod_Citrullin_200fmol_3xHCD_R1.mzML	PTM_Trainingskit_Rmod	C61H90N24O23	GGNFGGR*GGYGGGGGGSR	GGNFGGR*GGYGGGGGGSR	11686	True	764.33781	2	180.1
02330a_GE1_3990_05_PTM_TrainKit_Rmod_Citrullin_200fmol_3xHCD_R1	02330a_GE1_3990_05_PTM_TrainKit_Rmod_Citrullin_200fmol_3xHCD_R1.mzML	PTM_Trainingskit_Rmod	C46H68N16O14	GGSAGGR*GFFR	GGSAGGR*GFFR	23461	True	535.26232	2	179.95
02330a_GE1_3990_05_PTM_TrainKit_Rmod_Citrullin_200fmol_3xHCD_R1	02330a_GE1_3990_05_PTM_TrainKit_Rmod_Citrullin_200fmol_3xHCD_R1.mzML	PTM_Trainingskit_Rmod	C63H101N19O23S	R*GM(15.9949)APASTDDLFAR	R*GM(15.9949)APASTDDLFAR	28223	True	762.8592	2	179.65
02330a_GE1_3990_05_PTM_TrainKit_Rmod_Citrullin_200fmol_3xHCD_R1	02330a_GE1_3990_05_PTM_TrainKit_Rmod_Citrullin_200fmol_3xHCD_R1.mzML	PTM_Trainingskit_Rmod	C46H74N14O12	PLR*AASPFR	PLR*AASPFR	25263	True	508.28781	2	179.36
02330a_GE1_3990_05_PTM_TrainKit_Rmod_Citrullin_200fmol_3xHCD_R1	02330a_GE1_3990_05_PTM_TrainKit_Rmod_Citrullin_200fmol_3xHCD_R1.mzML	PTM_Trainingskit_Rmod	C65H110N18O17	VEPIHAVVLPR*GK	VEPIHAVVLPR*GK	27561	True	472.61715	3	178.53
02330a_GE1_3990_05_PTM_TrainKit_Rmod_Citrullin_200fmol_3xHCD_R1	02330a_GE1_3990_05_PTM_TrainKit_Rmod_Citrullin_200fmol_3xHCD_R1.mzML	PTM_Trainingskit_Rmod	C66H95N21O21S	ANYNFR*GM(15.9949)YNQR	ANYNFR*GM(15.9949)YNQR	20673	True	775.84388	2	178.46
02330a_GE1_3990_05_PTM_TrainKit_Rmod_Citrullin_200fmol_3xHCD_R1	02330a_GE1_3990_05_PTM_TrainKit_Rmod_Citrullin_200fmol_3xHCD_R1.mzML	PTM_Trainingskit_Rmod	C78H125N19O21S	AM(15.9949)LPGSPLFTR*APPPK	AM(15.9949)LPGSPLFTR*APPPK	35772	True	848.9581800000001	2	177.63
02330a_GE1_3990_05_PTM_TrainKit_Rmod_Citrullin_200fmol_3xHCD_R1	02330a_GE1_3990_05_PTM_TrainKit_Rmod_Citrullin_200fmol_3xHCD_R1.mzML	PTM_Trainingskit_Rmod	C53H86N18O17	GPPR*GGPGGELPR	GPPR*GGPGGELPR	17487	True	624.3281900000001	2	177.42
02330a_GE1_3990_05_PTM_TrainKit_Rmod_Citrullin_200fmol_3xHCD_R1	02330a_GE1_3990_05_PTM_TrainKit_Rmod_Citrullin_200fmol_3xHCD_R1.mzML	PTM_Trainingskit_Rmod	C55H87N19O19S	GM(15.9949)GPGTPAGYGR*GR	GM(15.9949)GPGTPAGYGR*GR	10703	True	675.8145900000001	2	176.87
02330a_GE1_3990_05_PTM_TrainKit_Rmod_Citrullin_200fmol_3xHCD_R1	02330a_GE1_3990_05_PTM_TrainKit_Rmod_Citrullin_200fmol_3xHCD_R1.mzML	PTM_Trainingskit_Rmod	C57H88N24O26	DNNNSNNR*GSYNR	DNNNSNNR*GSYNR	2891	True	763.32236	2	174.05
02330a_GE1_3990_05_PTM_TrainKit_Rmod_Citrullin_200fmol_3xHCD_R1	02330a_GE1_3990_05_PTM_TrainKit_Rmod_Citrullin_200fmol_3xHCD_R1.mzML	PTM_Trainingskit_Rmod	C52H89N19O19	AVPSSPAGSAAR*GR	AVPSSPAGSAAR*GR	9572	True	642.83638	2	169.98
02330a_GE1_3990_05_PTM_TrainKit_Rmod_Citrullin_200fmol_3xHCD_R1	02330a_GE1_3990_05_PTM_TrainKit_Rmod_Citrullin_200fmol_3xHCD_R1.mzML	PTM_Trainingskit_Rmod	C44H67N15O16	GGGDR*GGFGPGK	GGGDR*GGFGPGK	9438	True	531.75179	2	169.57
02330a_GE1_3990_05_PTM_TrainKit_Rmod_Citrullin_200fmol_3xHCD_R1	02330a_GE1_3990_05_PTM_TrainKit_Rmod_Citrullin_200fmol_3xHCD_R1.mzML	PTM_Trainingskit_Rmod	C92H152N26O28	HSPTLPEPGGLR*LELPLSR	HSPTLPEPGGLR*LELPLSR	44540	True	690.7162599999999	3	168.64
02330a_GE1_3990_05_PTM_TrainKit_Rmod_Citrullin_200fmol_3xHCD_R1	02330a_GE1_3990_05_PTM_TrainKit_Rmod_Citrullin_200fmol_3xHCD_R1.mzML	PTM_Trainingskit_Rmod	C66H96N22O21	GNDTFGPR*AQGWAR	GNDTFGPR*AQGWAR	27281	True	767.3633	2	168.61
02330a_GE1_3990_05_PTM_TrainKit_Rmod_Citrullin_200fmol_3xHCD_R1	02330a_GE1_3990_05_PTM_TrainKit_Rmod_Citrullin_200fmol_3xHCD_R1.mzML	PTM_Trainingskit_Rmod	C89H139N25O30S3	FGDM(15.9949)SYSIR*HSISM(15.9949)PAM(15.9949)R	FGDM(15.9949)SYSIR*HSISM(15.9949)PAM(15.9949)R	25312	True	712.31667	3	168.08
02330a_GE1_3990_05_PTM_TrainKit_Rmod_Citrullin_200fmol_3xHCD_R1	02330a_GE1_3990_05_PTM_TrainKit_Rmod_Citrullin_200fmol_3xHCD_R1.mzML	PTM_Trainingskit_Rmod	C71H105N19O24S	SM(15.9949)R*GGYIGSTYFER	SM(15.9949)R*GGYIGSTYFER	30320	True	820.8723	2	168.05
02330a_GE1_3990_05_PTM_TrainKit_Rmod_Citrullin_200fmol_3xHCD_R1	02330a_GE1_3990_05_PTM_TrainKit_Rmod_Citrullin_200fmol_3xHCD_R1.mzML	PTM_Trainingskit_Rmod	C70H109N21O21	DR*GVGAEPLLPWNR	DR*GVGAEPLLPWNR	41795	True	790.9126200000001	2	168.0
